code,system
H511200,readv2
H51z000,readv2
H511100,readv2
H511000,readv2
H51z200,readv2
H51z100,readv2
H511z00,readv2
H511.00,readv2
H51y500,readv2
H51y700,readv2
H51z.00,readv2
H51zz00,readv2
H51y.00,readv2
H51yz00,readv2
H51y400,readv2
Hyu7000,readv2
J91,readv2
31689.0,readv2
93010.0,readv2
68470.0,readv2
18081.0,readv2
30065.0,readv2
7593.0,readv2
947.0,readv2
43807.0,readv2
43345.0,readv2
52850.0,readv2
33577.0,readv2
60142.0,readv2
9559.0,readv2
55211.0,readv2
108784.0,readv2
44842.0,readv2
J90,readv2